id;apellido;fechaHora
CITA-088;Flores;2025-03-01T14:16
CITA-006;Silva;2025-03-01T16:12
CITA-094;Sánchez;2025-03-02T08:37
CITA-029;Pacheco;2025-03-02T13:25
CITA-019;Molina;2025-03-03T08:42
CITA-038;Castillo;2025-03-03T08:55
CITA-085;Guerrero;2025-03-03T11:10
CITA-030;Martínez;2025-03-03T11:58
CITA-070;Sánchez;2025-03-03T16:15
CITA-016;Flores;2025-03-03T16:18
CITA-076;Rivera;2025-03-15T08:43
CITA-012;Sánchez;2025-03-04T09:24
CITA-079;Vargas;2025-03-04T11:12
CITA-054;Guerrero;2025-03-04T13:56
CITA-003;Suárez;2025-03-04T16:05
CITA-039;Ramírez;2025-03-05T10:50
CITA-034;Martínez;2025-03-05T11:47
CITA-011;Martínez;2025-03-05T11:48
CITA-059;Pérez;2025-03-05T15:35
CITA-072;Ramos;2025-03-05T17:36
CITA-097;Vargas;2025-03-06T09:38
CITA-081;Rivera;2025-03-06T12:29
CITA-010;Rojas;2025-03-06T14:21
CITA-046;Rivera;2025-03-06T15:00
CITA-026;López;2025-03-06T15:24
CITA-025;Ortíz;2025-03-06T16:46
CITA-058;Cedeño;2025-03-25T16:49
CITA-092;González;2025-03-07T08:37
CITA-074;Rivera;2025-03-07T09:06
CITA-005;Cedeño;2025-03-07T11:32
CITA-067;Alvarez;2025-03-08T08:04
CITA-065;López;2025-03-08T09:21
CITA-021;Vargas;2025-03-08T09:24
CITA-045;Ortíz;2025-03-11T09:18
CITA-002;Martínez;2025-03-08T11:08
CITA-073;Castillo;2025-03-08T15:51
CITA-056;Naranjo;2025-03-08T17:05
CITA-042;Moreno;2025-03-09T16:55
CITA-060;García;2025-03-09T16:55
CITA-028;Herrera;2025-03-11T08:14
CITA-037;Torres;2025-03-08T10:32
CITA-051;Pérez;2025-03-12T10:34
CITA-023;Torres;2025-03-12T11:42
CITA-013;Ramírez;2025-03-12T13:38
CITA-018;Vargas;2025-03-12T17:12
CITA-087;Vargas;2025-03-13T08:10
CITA-063;González;2025-03-13T13:28
CITA-041;Flores;2025-03-13T17:29
CITA-004;Alvarez;2025-03-14T08:01
CITA-061;Silva;2025-03-14T11:59
CITA-075;Herrera;2025-03-14T13:27
CITA-040;Herrera;2025-03-14T17:04
CITA-036;Alvarez;2025-03-14T17:25
CITA-001;Ortíz;2025-03-04T08:47
CITA-022;Martínez;2025-03-15T13:10
CITA-008;López;2025-03-15T17:17
CITA-091;Molina;2025-03-16T10:12
CITA-032;Ortíz;2025-03-16T14:56
CITA-086;Rivera;2025-03-16T15:13
CITA-064;Méndez;2025-03-17T15:07
CITA-095;Castillo;2025-03-17T16:10
CITA-050;Ortíz;2025-03-17T17:12
CITA-093;Suárez;2025-03-18T08:47
CITA-015;Vega;2025-03-18T09:59
CITA-035;Ramos;2025-03-18T12:47
CITA-044;Méndez;2025-03-18T12:49
CITA-033;Castro;2025-03-21T15:09
CITA-066;Guerrero;2025-03-19T16:14
CITA-100;Alvarez;2025-03-20T08:39
CITA-053;Guerrero;2025-03-20T13:31
CITA-068;Molina;2025-03-21T08:14
CITA-077;Ortíz;2025-03-21T09:03
CITA-080;Rodríguez;2025-03-18T15:08
CITA-007;Molina;2025-03-21T16:26
CITA-020;López;2025-03-25T12:05
CITA-017;Pacheco;2025-03-21T17:56
CITA-043;Guerrero;2025-03-22T09:43
CITA-098;Cedeño;2025-03-22T11:25
CITA-071;Martínez;2025-03-22T15:13
CITA-024;Martínez;2025-03-23T09:38
CITA-090;Rivera;2025-03-23T16:42
CITA-078;Flores;2025-03-24T13:51
CITA-057;Cedeño;2025-03-24T15:52
CITA-062;Ramos;2025-03-25T11:45
CITA-084;Naranjo;2025-03-21T16:53
CITA-048;Ibarra;2025-03-06T16:58
CITA-014;Martínez;2025-03-26T08:46
CITA-055;Pacheco;2025-03-26T12:15
CITA-089;Castro;2025-03-26T15:18
CITA-009;Rojas;2025-03-28T08:48
CITA-082;López;2025-03-28T09:28
CITA-049;Ramírez;2025-03-28T12:53
CITA-083;Rojas;2025-03-28T16:06
CITA-069;Cedeño;2025-03-29T08:55
CITA-047;Suárez;2025-03-29T12:32
CITA-031;Alvarez;2025-03-29T13:13
CITA-027;Martínez;2025-03-30T16:14
CITA-052;Ibarra;2025-03-30T16:58
CITA-096;Naranjo;2025-03-31T16:05
CITA-099;Ramírez;2025-03-31T17:15
